{"feature_names":["funding_heat","funding_trend","oi_pct_change","whale_pressure","whale_cex_ratio","etf_flow","etf_streak","sentiment","taker_ratio","liquidation_bias","volatility_24h"],"weights":[0.02777367359934267,0.10650062441574558,0.14802846458891608,-0.05315957577343982,0,0.013886836799671336,-0.15508819337872976,-0.21268177718459663,0,0.02079111762735154,-0.18732980155469045,0.0058754722338101575],"trained_at":"2025-11-11T13:58:37+00:00","epochs":250,"learning_rate":0.02}